stock_code,code,date_yyyymmdd,engine,A_SIG,B_SIG,C_SIG,target_pct,risk_pct_display,fail_price,engine_code,satellite,yield_to_AB,entry_price,risk_budget,exit_reason
002125.SZ,002125,20220606,C,0,0,1,9.976303317535539,15.03562945368172,10.731,3,1,1,12.63,0.015,MA20破坏
600888.SH,600888,20220606,C,0,0,1,18.55015673981191,8.08618504435995,7.252,3,1,1,7.89,0.015,MA20破坏
000552.SZ,000552,20220608,C,0,0,1,12.490110759493662,12.009501187648464,3.7043999999999997,3,1,1,4.21,0.015,滞败
603299.SH,603299,20220620,B,0,1,0,20.0,7.743913435527505,10.2312,2,0,0,11.09,0.025,首回踩失效
002176.SZ,002176,20220627,B,0,1,0,20.0,9.043043812451968,23.666999999999998,2,0,0,26.02,0.025,首回踩失效
002328.SZ,002328,20220627,C,0,0,1,12.955984323183593,11.577661431064579,5.0666,3,1,1,5.73,0.015,MA20破坏
300547.SZ,300547,20220627,C,0,0,1,14.820359281437112,10.121212121212132,14.5334,3,1,1,16.17,0.015,MA20破坏
300811.SZ,300811,20220627,C,0,0,1,13.113496932515337,11.43859649122807,24.7352,3,1,1,27.93,0.015,滞败
002624.SZ,002624,20220817,A,1,0,0,18.030773037799026,13.86518478580533,12.179462871287127,1,0,0,14.14,0.025,滞败
605090.SH,605090,20220819,A,1,0,0,15.332912479834352,16.304795343271984,19.007180977542934,1,0,0,22.71,0.025,高成熟成本停滞
002412.SZ,002412,20221118,B,0,1,0,15.80049919771795,15.822284908321581,5.9681999999999995,2,0,0,7.09,0.025,滞败
002885.SZ,002885,20230130,C,0,0,1,15.482371173963577,9.68843843843844,24.059,3,1,1,26.64,0.015,MA20破坏
300572.SZ,300572,20230130,A,1,0,0,20.0,11.434774701356964,12.089153253264774,1,0,0,13.65,0.025,趋势破坏
300084.SZ,300084,20230131,C,0,0,1,18.68512110726646,8.027777777777768,4.635400000000001,3,1,1,5.04,0.015,MA20破坏
605020.SH,605020,20230131,C,0,0,1,13.767841538013379,10.8949539828626,28.076999999999998,3,1,1,31.51,0.015,MA20破坏
002104.SZ,002104,20230201,C,0,0,1,17.173087357569177,8.734597156398106,7.7028,3,1,1,8.44,0.015,MA20破坏
603936.SH,603936,20230201,C,0,0,1,15.581628273000447,9.626721763085389,13.122200000000001,3,1,1,14.52,0.015,滞败
001215.SZ,001215,20230202,B,0,1,0,17.551499209071675,14.243797468354435,67.7474,2,0,0,79.0,0.025,滞败
600559.SH,600559,20230202,B,0,1,0,20.0,5.890292313244316,26.0778,2,0,0,27.71,0.025,证明后结构回吐
603717.SH,603717,20230207,B,0,1,0,20.0,8.198473282442741,8.4182,2,0,0,9.17,0.025,证明后结构回吐
001215.SZ,001215,20230210,B,0,1,0,20.0,6.418348623853209,71.4028,2,0,0,76.3,0.025,滞败
000065.SZ,000065,20230213,B,0,1,0,20.0,10.839215686274517,9.094399999999998,2,0,0,10.2,0.025,证明后结构回吐
002139.SZ,002139,20230213,C,0,0,1,20.0,6.343271555197427,11.6228,3,1,1,12.41,0.015,滞败
002915.SZ,002915,20230213,C,0,0,1,15.917490529428074,9.423595994775791,20.8054,3,1,1,22.97,0.015,横盘结构失效
600557.SH,600557,20230213,C,0,0,1,13.541253863834518,11.077260755048279,20.256600000000002,3,1,1,22.78,0.015,MA20破坏
605337.SH,605337,20230213,C,0,0,1,10.740564918110607,13.965745856353596,15.5722,3,1,1,18.1,0.015,滞败
300306.SZ,300306,20230215,C,0,0,1,19.800152749490817,7.575699132111868,9.584399999999999,3,1,1,10.37,0.015,MA20破坏
600756.SH,600756,20230215,C,0,0,1,16.924467657693842,8.862908011869441,15.3566,3,1,1,16.85,0.015,MA20破坏
002870.SZ,002870,20231117,A,1,0,0,20.0,10.985437014775856,32.31228636363636,1,0,0,36.3,0.025,趋势破坏
300562.SZ,300562,20231117,A,1,0,0,16.326792800308837,15.312254100221756,9.815309749784298,1,0,0,11.59,0.025,滞败
603439.SH,603439,20231117,C,0,0,1,20.0,5.985018726591762,17.5714,3,1,1,18.69,0.015,滞败
300514.SZ,300514,20231120,C,0,0,1,18.675936166850985,8.031725888324882,14.4942,3,1,1,15.76,0.015,横盘结构失效
603050.SH,603050,20231120,A,1,0,0,19.313574055042125,12.944263929996602,8.67945688617934,1,0,0,9.97,0.025,滞败
001286.SZ,001286,20240318,A,1,0,0,20.0,12.340160335401261,7.547512195121951,1,0,0,8.61,0.025,高成熟成本停滞
605196.SH,605196,20240318,C,0,0,1,10.696431051242872,14.023369036027278,8.829799999999999,3,1,1,10.27,0.015,滞败
002155.SZ,002155,20240403,A,1,0,0,16.33997406246252,15.299901887501754,9.037500468603563,1,0,0,10.67,0.025,趋势破坏
002762.SZ,002762,20241011,B,0,1,0,20.0,11.366619115549215,6.2132,2,0,0,7.01,0.025,证明后结构回吐
002272.SZ,002272,20241014,B,0,1,0,18.334559725288184,13.635451505016738,5.164599999999999,2,0,0,5.98,0.025,证明后结构回吐
003010.SZ,003010,20241014,A,1,0,0,12.921880071329529,19.34702989193411,5.766687362726712,1,0,0,7.15,0.025,高成熟成本停滞
002713.SZ,002713,20241015,B,0,1,0,17.786561264822137,14.055555555555554,2.1658,2,0,0,2.52,0.025,证明后结构回吐
003025.SZ,003025,20241015,A,1,0,0,13.912171199286677,17.969876622336155,9.720569620253166,1,0,0,11.85,0.025,滞败
000710.SZ,000710,20241016,B,0,1,0,20.0,8.016528925619838,7.791,2,0,0,8.47,0.025,证明后结构回吐
603121.SH,603121,20241017,B,0,1,0,20.0,9.350000000000003,7.252,2,0,0,8.0,0.025,证明后结构回吐
000988.SZ,000988,20241018,A,1,0,0,11.403035118853628,21.923987551932843,26.584882238566863,1,0,0,34.05,0.025,高成熟成本停滞
002577.SZ,002577,20241018,B,0,1,0,20.0,8.638497652582167,13.622,2,0,0,14.91,0.025,证明后结构回吐
300170.SZ,300170,20241018,B,0,1,0,17.20148687604309,14.533627342888645,7.7518,2,0,0,9.07,0.025,证明后结构回吐
300590.SZ,300590,20241018,B,0,1,0,20.0,12.333798882681556,12.5538,2,0,0,14.32,0.025,证明后结构回吐
603042.SH,603042,20241018,B,0,1,0,20.0,10.344978165938857,8.2124,2,0,0,9.16,0.025,证明后结构回吐
603118.SH,603118,20241018,B,0,1,0,20.0,11.451776649746193,6.9776,2,0,0,7.88,0.025,证明后结构回吐
002400.SZ,002400,20241021,A,1,0,0,11.91587757716917,20.980410245150573,4.401391149345113,1,0,0,5.57,0.025,高成熟成本停滞
002474.SZ,002474,20241021,B,0,1,0,20.0,10.110344827586193,5.2136000000000005,2,0,0,5.8,0.025,证明后结构回吐
002805.SZ,002805,20241021,B,0,1,0,20.0,9.063794531897273,10.975999999999999,2,0,0,12.07,0.025,证明后结构回吐
002915.SZ,002915,20241021,B,0,1,0,20.0,8.217803030303038,9.6922,2,0,0,10.56,0.025,证明后结构回吐
603232.SH,603232,20241021,B,0,1,0,20.0,11.996908809891815,11.387599999999999,2,0,0,12.94,0.025,证明后结构回吐
605378.SH,605378,20241021,A,1,0,0,15.472961351559105,16.157217375509646,9.734147062703329,1,0,0,11.61,0.025,滞败
002471.SZ,002471,20241022,A,1,0,0,13.722448979591823,18.218322427126733,2.0118292682926824,1,0,0,2.46,0.025,高成熟成本停滞
600222.SH,600222,20241022,A,1,0,0,14.460771814346579,17.288150536472347,4.243117877478968,1,0,0,5.13,0.025,滞败
600513.SH,600513,20241022,A,1,0,0,13.601118089967176,18.380841806263838,7.427343395629991,1,0,0,9.1,0.025,高成熟成本停滞
600679.SH,600679,20241022,A,1,0,0,16.377668209189565,15.264688282042748,8.922628323900899,1,0,0,10.53,0.025,趋势破坏
601061.SH,601061,20241023,A,1,0,0,16.768124849683332,14.909240135143753,6.356279761904761,1,0,0,7.47,0.025,滞败
002995.SZ,002995,20241024,A,1,0,0,11.124995932240935,22.47191832902018,14.800110790990047,1,0,0,19.09,0.025,高成熟成本停滞
002843.SZ,002843,20241028,B,0,1,0,20.0,9.015184381778752,16.7776,2,0,0,18.44,0.025,证明后结构回吐
603306.SH,603306,20241031,B,0,1,0,20.0,11.9562476826103,23.7454,2,0,0,26.97,0.025,证明后结构回吐
000421.SZ,000421,20241107,C,0,0,1,11.213736672452265,13.376451077943619,5.2234,3,1,1,6.03,0.015,高成熟成本停滞
002159.SZ,002159,20241107,C,0,0,1,14.56787833827894,10.296626352641624,14.092400000000001,3,1,1,15.71,0.015,MA20破坏
002174.SZ,002174,20241111,B,0,1,0,20.0,5.646511627906992,10.142999999999999,2,0,0,10.75,0.025,首回踩失效
002351.SZ,002351,20241111,B,0,1,0,20.0,12.175925925925924,13.279,2,0,0,15.12,0.025,证明后结构回吐
301080.SZ,301080,20241111,C,0,0,1,9.527274157391751,15.744272445820428,27.2146,3,1,1,32.3,0.015,滞败
603002.SH,603002,20241111,C,0,0,1,12.460340351889247,12.03819444444444,5.0666,3,1,1,5.76,0.015,高成熟成本停滞
002728.SZ,002728,20241112,C,0,0,1,11.657787527420862,12.866935483870979,8.6436,3,1,1,9.92,0.015,横盘结构失效
603230.SH,603230,20241112,C,0,0,1,13.869324142065034,10.81523500810373,11.0054,3,1,1,12.34,0.015,高成熟成本停滞
001319.SZ,001319,20241113,B,0,1,0,20.0,8.02255931544148,23.647399999999998,2,0,0,25.71,0.025,首回踩失效
300170.SZ,300170,20241113,C,0,0,1,12.69155526573197,11.818882466281321,9.1532,3,1,1,10.38,0.015,横盘结构失效
002981.SZ,002981,20241115,B,0,1,0,20.0,8.914841849148413,22.4616,2,0,0,24.66,0.025,首回踩失效
002587.SZ,002587,20241213,B,0,1,0,20.0,9.405541561712848,7.1932,2,0,0,7.94,0.025,首回踩失效
603666.SH,603666,20250211,C,0,0,1,12.118340163934429,12.377932783766642,27.636,3,1,1,31.54,0.015,MA20破坏
002624.SZ,002624,20250214,C,0,0,1,16.67809561128524,8.993832599118956,10.329199999999998,3,1,1,11.35,0.015,滞败
603158.SH,603158,20250214,C,0,0,1,19.672843080486373,7.624724061810162,8.3692,3,1,1,9.06,0.015,MA20破坏
300115.SZ,300115,20250217,C,0,0,1,10.979523227383872,13.66179540709811,20.678,3,1,1,23.95,0.015,MA20破坏
301366.SZ,301366,20250217,C,0,0,1,16.774972150018556,8.941892639734373,32.9084,3,1,1,36.14,0.015,高成熟成本停滞
603067.SH,603067,20250217,A,1,0,0,19.488870153892584,12.827834452479358,9.20538068181818,1,0,0,10.56,0.025,趋势破坏
603083.SH,603083,20250217,C,0,0,1,15.890278888209592,9.439733629300761,40.7974,3,1,1,45.05,0.015,横盘结构失效
603259.SH,603259,20250217,C,0,0,1,13.940217391304344,10.760233918128659,53.41,3,1,1,59.85,0.015,MA20破坏
000678.SZ,000678,20250218,C,0,0,1,16.01302241066021,9.36737588652482,6.3896,3,1,1,7.05,0.015,高成熟成本停滞
002115.SZ,002115,20250220,B,0,1,0,20.0,6.528883183568679,7.2814,2,0,0,7.79,0.025,证明后结构回吐
603259.SH,603259,20250220,A,1,0,0,17.234527885566898,14.50576433888643,52.83543763856819,1,0,0,61.8,0.025,高成熟成本停滞
300662.SZ,300662,20250317,B,0,1,0,13.770749941134925,18.15442158696232,30.634800000000002,2,0,0,37.43,0.025,首回踩失效
003025.SZ,003025,20250320,A,1,0,0,11.520764241489372,21.69994930541871,11.885947695437439,1,0,0,15.18,0.025,滞败
000833.SZ,000833,20250512,C,0,0,1,11.487926136363644,13.057187017001537,11.2504,3,1,1,12.94,0.015,横盘结构失效
002446.SZ,002446,20250512,C,0,0,1,14.115969581749047,10.626262626262628,6.1936,3,1,1,6.93,0.015,滞败
002792.SZ,002792,20250512,C,0,0,1,12.075698407930316,12.421641791044769,14.0826,3,1,1,16.08,0.015,滞败
300586.SZ,300586,20250513,C,0,0,1,10.875451263537895,13.792531120331963,8.3104,3,1,1,9.64,0.015,MA20破坏
002562.SZ,002562,20250514,B,0,1,0,20.0,8.927234927234927,4.380599999999999,2,0,0,4.81,0.025,首回踩失效
002037.SZ,002037,20250519,B,0,1,0,20.0,4.193168433451122,8.134,2,0,0,8.49,0.025,证明后结构回吐
300656.SZ,300656,20250520,C,0,0,1,14.798957557706627,10.135849056603774,23.814,3,1,1,26.5,0.015,MA20破坏
300672.SZ,300672,20250520,C,0,0,1,9.115446285408863,16.45558487247143,66.493,3,1,1,79.59,0.015,高成熟成本停滞
002846.SZ,002846,20250521,B,0,1,0,20.0,10.517757009345786,9.5746,2,0,0,10.7,0.025,证明后结构回吐
000915.SZ,000915,20250610,A,1,0,0,20.0,9.437476467585526,25.185437794364464,1,0,0,27.81,0.025,高成熟成本停滞
000777.SZ,000777,20250612,A,1,0,0,14.825888793783387,16.862395467638137,16.186891602450853,1,0,0,19.47,0.025,趋势破坏
003015.SZ,003015,20250703,A,1,0,0,13.971096163496819,17.894086267417663,14.302850172215845,1,0,0,17.42,0.025,滞败
600360.SH,600360,20250703,A,1,0,0,14.774838237946017,16.920659026772178,6.795890091610036,1,0,0,8.18,0.025,高成熟成本停滞
601519.SH,601519,20250704,A,1,0,0,13.53288075036806,18.473524197218737,9.04943881410872,1,0,0,11.1,0.025,高成熟成本停滞
000823.SZ,000823,20250714,B,0,1,0,20.0,6.549173878835579,11.8776,2,0,0,12.71,0.025,证明后结构回吐
000901.SZ,000901,20250715,C,0,0,1,18.750000000000007,7.9999999999999964,11.7208,3,1,1,12.74,0.015,高成熟成本停滞
001267.SZ,001267,20250715,B,0,1,0,17.668562144597892,14.14942528735632,10.4566,2,0,0,12.18,0.025,证明后结构回吐
300486.SZ,300486,20250717,C,0,0,1,12.261087400259784,12.233825198637916,7.7322,3,1,1,8.81,0.015,高成熟成本停滞
301591.SZ,301591,20250717,C,0,0,1,20.0,7.188414824042355,29.8018,3,1,1,32.11,0.015,高成熟成本停滞
000831.SZ,000831,20250718,B,0,1,0,20.0,8.601796407185613,36.632400000000004,2,0,0,40.08,0.025,证明后结构回吐
002716.SZ,002716,20250718,B,0,1,0,20.0,5.582795698924725,4.3904000000000005,2,0,0,4.65,0.025,证明后结构回吐
300510.SZ,300510,20250718,C,0,0,1,19.143081761006297,7.83572895277207,4.4884,3,1,1,4.87,0.015,MA20破坏
001206.SZ,001206,20250721,C,0,0,1,15.416141235813363,9.730061349693253,20.5996,3,1,1,22.82,0.015,MA20破坏
001696.SZ,001696,20250721,C,0,0,1,15.625000000000004,9.599999999999998,22.148,3,1,1,24.5,0.015,MA20破坏
002438.SZ,002438,20250721,C,0,0,1,17.400103341370993,8.620638455827766,12.3088,3,1,1,13.47,0.015,MA20破坏
600558.SH,600558,20250721,C,0,0,1,17.801556420233453,8.426229508196725,5.0274,3,1,1,5.49,0.015,滞败
603809.SH,603809,20250721,B,0,1,0,20.0,4.745952677459531,15.297799999999999,2,0,0,16.06,0.025,首回踩失效
600418.SH,600418,20250724,B,0,1,0,20.0,7.564140875133418,43.3062,2,0,0,46.85,0.025,证明后结构回吐
002046.SZ,002046,20250725,A,1,0,0,16.003171777047044,15.621903175379826,15.550883244777499,1,0,0,18.43,0.025,高成熟成本停滞
002527.SZ,002527,20250725,B,0,1,0,19.154470111091527,13.051783659378591,15.1116,2,0,0,17.38,0.025,滞败
002995.SZ,002995,20250725,B,0,1,0,20.0,3.9708396178984584,19.100199999999997,2,0,0,19.89,0.025,滞败
300655.SZ,300655,20250725,C,0,0,1,14.541715628672142,10.315151515151522,8.8788,3,1,1,9.9,0.015,MA20破坏
301285.SZ,301285,20250725,C,0,0,1,8.887237205351456,16.878136200716842,32.467400000000005,3,1,1,39.06,0.015,MA20破坏
600105.SH,600105,20250725,C,0,0,1,15.482617145324987,9.68828451882845,8.6338,3,1,1,9.56,0.015,高成熟成本停滞
300990.SZ,300990,20250728,A,1,0,0,13.543632997022206,18.4588581258047,44.59485049099741,1,0,0,54.69,0.025,高成熟成本停滞
301132.SZ,301132,20250728,B,0,1,0,20.0,9.811409221151358,34.6234,2,0,0,38.39,0.025,滞败
300655.SZ,300655,20250730,A,1,0,0,17.42081723619483,14.350647079895928,8.86470802723077,1,0,0,10.35,0.025,高成熟成本停滞
600711.SH,600711,20250801,A,1,0,0,15.348681392035552,16.28804413972169,6.571388535031847,1,0,0,7.85,0.025,高成熟成本停滞
300373.SZ,300373,20250805,A,1,0,0,20.0,11.301367421475527,49.227741081081085,1,0,0,55.5,0.025,高成熟成本停滞
002343.SZ,002343,20250807,B,0,1,0,20.0,5.7467144563918655,7.889,2,0,0,8.37,0.025,首回踩失效
600259.SH,600259,20250807,B,0,1,0,20.0,7.4166932143994835,58.1238,2,0,0,62.78,0.025,证明后结构回吐
002533.SZ,002533,20250808,B,0,1,0,20.0,7.0967153284671625,10.1822,2,0,0,10.96,0.025,证明后结构回吐
002600.SZ,002600,20250811,A,1,0,0,20.0,11.605984177283402,8.724489361702128,1,0,0,9.87,0.025,高成熟成本停滞
300559.SZ,300559,20250811,A,1,0,0,18.583173735972295,13.453030335505268,11.216487268518518,1,0,0,12.96,0.025,高成熟成本停滞
300002.SZ,300002,20250812,A,1,0,0,15.419905716785804,16.212809895968107,11.646419424460433,1,0,0,13.9,0.025,滞败
002533.SZ,002533,20250813,A,1,0,0,18.91667818156696,13.215850986121247,9.633040540540541,1,0,0,11.1,0.025,滞败
300420.SZ,300420,20250813,A,1,0,0,14.719650733729523,16.98409863945579,3.486667857142857,1,0,0,4.2,0.025,高成熟成本停滞
300579.SZ,300579,20250813,B,0,1,0,19.067967834484968,13.11099337748346,32.800599999999996,2,0,0,37.75,0.025,首回踩失效
300618.SZ,300618,20250813,A,1,0,0,20.0,10.879725177280008,33.71419996543497,1,0,0,37.83,0.025,高成熟成本停滞
300724.SZ,300724,20250813,B,0,1,0,20.0,6.866388308977045,62.4554,2,0,0,67.06,0.025,证明后结构回吐
600601.SH,600601,20250813,C,0,0,1,11.457839886309802,13.091472868217057,5.6056,3,1,1,6.45,0.015,MA20破坏
002747.SZ,002747,20250814,A,1,0,0,15.903314178468179,15.719993782080977,20.07549748110831,1,0,0,23.82,0.025,高成熟成本停滞
600986.SH,600986,20250814,C,0,0,1,11.547600190083944,12.98971193415639,8.4574,3,1,1,9.72,0.015,MA20破坏
002922.SZ,002922,20250815,A,1,0,0,17.39006077940652,14.376027960526304,15.617812500000001,1,0,0,18.24,0.025,高成熟成本停滞
300113.SZ,300113,20250815,A,1,0,0,20.0,11.350701664430895,19.33441196698762,1,0,0,21.81,0.025,高成熟成本停滞
300222.SZ,300222,20250815,A,1,0,0,20.0,8.812175439625925,10.240392698130009,1,0,0,11.23,0.025,高成熟成本停滞
300443.SZ,300443,20250815,A,1,0,0,17.5511707917959,14.244063998104316,21.344652470871836,1,0,0,24.89,0.025,高成熟成本停滞
000032.SZ,000032,20250818,A,1,0,0,14.264781659935256,17.52568009520692,20.230950672645744,1,0,0,24.53,0.025,趋势破坏
000977.SZ,000977,20250818,A,1,0,0,18.221223797404544,13.720263950416456,52.66515088466579,1,0,0,61.04,0.025,高成熟成本停滞
002439.SZ,002439,20250818,A,1,0,0,20.0,8.95270965371241,15.204897487830028,1,0,0,16.7,0.025,滞败
002472.SZ,002472,20250818,A,1,0,0,19.24046090939612,12.993451725364435,32.13151827782291,1,0,0,36.93,0.025,高成熟成本停滞
002777.SZ,002777,20250818,A,1,0,0,20.0,8.680976867422885,18.565157402852925,1,0,0,20.33,0.025,滞败
300182.SZ,300182,20250818,A,1,0,0,16.046287367405956,15.579927884615408,5.267812499999999,1,0,0,6.24,0.025,趋势破坏
300543.SZ,300543,20250818,A,1,0,0,20.0,9.68148148148148,11.380133333333333,1,0,0,12.6,0.025,高成熟成本停滞
300735.SZ,300735,20250818,A,1,0,0,18.12193677810475,13.795434950532137,24.688987430167597,1,0,0,28.64,0.025,趋势破坏
000536.SZ,000536,20250819,B,0,1,0,20.0,7.229249011857696,4.6942,2,0,0,5.06,0.025,证明后结构回吐
002793.SZ,002793,20250819,A,1,0,0,13.752944055169108,18.177926049661806,4.852048985255054,1,0,0,5.93,0.025,滞败
300504.SZ,300504,20250819,A,1,0,0,20.0,8.946353224834247,15.105799999999999,1,0,0,16.59,0.025,滞败
603131.SH,603131,20250819,B,0,1,0,20.0,6.78164251207728,19.296200000000002,2,0,0,20.7,0.025,证明后结构回吐
000988.SZ,000988,20250820,A,1,0,0,18.438485359860522,13.558597418431939,47.27480307185957,1,0,0,54.69,0.025,高成熟成本停滞
002190.SZ,002190,20250820,B,0,1,0,18.52328273732956,13.496527777777779,34.8782,2,0,0,40.32,0.025,证明后结构回吐
300136.SZ,300136,20250820,A,1,0,0,16.199233556275523,15.432828913263673,22.968443667157587,1,0,0,27.16,0.025,滞败
300343.SZ,300343,20250820,A,1,0,0,19.006058599806135,13.153700368078947,4.90681592920354,1,0,0,5.65,0.025,滞败
603920.SH,603920,20250820,B,0,1,0,20.0,7.769291964996028,34.7802,2,0,0,37.71,0.025,证明后结构回吐
300757.SZ,300757,20250821,B,0,1,0,20.0,9.8984800150122,192.0604,2,0,0,213.16,0.025,证明后结构回吐
301558.SZ,301558,20250821,C,0,0,1,14.171471080528178,10.584645669291337,9.0846,3,1,1,10.16,0.015,横盘结构失效
300346.SZ,300346,20250822,A,1,0,0,19.54986840863316,12.787809860121657,30.9690487186708,1,0,0,35.51,0.025,高成熟成本停滞
300450.SZ,300450,20250822,A,1,0,0,15.71478463557567,15.908585818862663,24.285600415512462,1,0,0,28.88,0.025,高成熟成本停滞
301085.SZ,301085,20250822,A,1,0,0,17.845262291912377,14.009320564220683,58.43926574455562,1,0,0,67.96,0.025,滞败
601099.SH,601099,20250822,A,1,0,0,20.0,10.948651158929234,3.9093542141230064,1,0,0,4.39,0.025,高成熟成本停滞
001306.SZ,001306,20250825,B,0,1,0,20.0,7.195180722891569,96.285,2,0,0,103.75,0.025,首回踩失效
002460.SZ,002460,20250825,B,0,1,0,20.0,5.879948914431676,36.848,2,0,0,39.15,0.025,证明后结构回吐
300133.SZ,300133,20250825,B,0,1,0,20.0,6.697881828316621,8.3692,2,0,0,8.97,0.025,首回踩失效
600199.SH,600199,20250825,A,1,0,0,20.0,8.9858297831938,10.539440911106158,1,0,0,11.58,0.025,滞败
601061.SH,601061,20250825,A,1,0,0,20.0,9.663229902939797,7.787029582366589,1,0,0,8.62,0.025,高成熟成本停滞
601162.SH,601162,20250825,B,0,1,0,20.0,6.891566265060245,5.409599999999999,2,0,0,5.81,0.025,滞败
000665.SZ,000665,20250826,A,1,0,0,15.271577148985521,16.37028039481877,5.235220447284345,1,0,0,6.26,0.025,滞败
002947.SZ,002947,20250826,C,0,0,1,11.53486762415643,13.004050405040502,38.661,3,1,1,44.44,0.015,MA20破坏
301155.SZ,301155,20250826,A,1,0,0,20.0,11.720697606097087,69.29042444897439,1,0,0,78.49,0.025,趋势破坏
301312.SZ,301312,20250826,C,0,0,1,9.39764705882353,15.961442163244865,33.565,3,1,1,39.94,0.015,高成熟成本停滞
600577.SH,600577,20250826,A,1,0,0,20.0,12.176820964361601,7.737222073039743,1,0,0,8.81,0.025,高成熟成本停滞
000555.SZ,000555,20250829,A,1,0,0,20.0,11.997323523430248,13.411607895029231,1,0,0,15.24,0.025,滞败
302132.SZ,302132,20250829,A,1,0,0,12.73870535819625,19.625228229267954,81.42768128092864,1,0,0,101.31,0.025,滞败
002654.SZ,002654,20250901,A,1,0,0,14.811598130577645,16.878664800112976,11.620362660944206,1,0,0,13.98,0.025,高成熟成本停滞
300260.SZ,300260,20250902,A,1,0,0,10.268716759325077,24.345787877825497,30.935007336757156,1,0,0,40.89,0.025,高成熟成本停滞
600157.SH,600157,20251009,A,1,0,0,13.192732584679998,18.94982698961938,1.3778529411764706,1,0,0,1.7,0.025,滞败
002112.SZ,002112,20251110,A,1,0,0,12.36526349049671,20.217927437788674,13.148085558252427,1,0,0,16.48,0.025,滞败
000777.SZ,000777,20260105,A,1,0,0,16.90463956808194,14.788839418500888,22.359408536585367,1,0,0,26.24,0.025,高成熟成本停滞
002899.SZ,002899,20260107,A,1,0,0,13.64073230377876,18.32746178375958,23.39918219895288,1,0,0,28.65,0.025,高成熟成本停滞
002970.SZ,002970,20260112,A,1,0,0,13.573510455704458,18.418227238697416,45.579736441739755,1,0,0,55.87,0.025,高成熟成本停滞
600487.SH,600487,20260112,A,1,0,0,17.130051357794954,14.594235287347146,21.334360025220683,1,0,0,24.98,0.025,高成熟成本停滞
603861.SH,603861,20260114,C,0,0,1,13.020833333333337,11.519999999999996,12.3872,3,1,1,14.0,0.015,MA20破坏
301150.SZ,301150,20260115,C,0,0,1,14.58788366478904,10.282505910165495,30.3604,3,1,1,33.84,0.015,横盘结构失效
603588.SH,603588,20260116,A,1,0,0,18.885389050550565,13.237746880978962,7.773897879464286,1,0,0,8.96,0.025,高成熟成本停滞
002008.SZ,002008,20260122,A,1,0,0,12.3251949293836,20.283654857579027,40.9582581341759,1,0,0,51.38,0.025,趋势破坏
002919.SZ,002919,20260122,B,0,1,0,20.0,10.139292364990693,24.1276,2,0,0,26.85,0.025,首回踩失效
002428.SZ,002428,20260123,B,0,1,0,15.720357454228425,15.902946273830153,33.9668,2,0,0,40.39,0.025,证明后结构回吐
002331.SZ,002331,20260126,B,0,1,0,20.0,8.632983794089622,9.584399999999999,2,0,0,10.49,0.025,首回踩失效
600259.SH,600259,20260126,B,0,1,0,13.122637521137953,19.05104820561414,68.34519999999999,2,0,0,84.43,0.025,证明后结构回吐
002225.SZ,002225,20260128,A,1,0,0,15.967491952741941,15.65681077152946,5.760639824304538,1,0,0,6.83,0.025,滞败
